"Year","Date","Price_Monthly_Avg","Price_Monthly_Max","PRCP_Monthly_Avg","TAVG_Monthly_Avg","TMAX_Monthly_Avg","TMIN_Monthly_Avg","ExchangeRate","Change..","Monthly_Production"
1994,"1994-10-31",1048.523448,1497.14,0.140249008,66.6015745,56.91952381,58.16190476,0.1023,"2.81%",NA
1994,"1994-11-30",1053.785667,1467.82,0.098020833,79.16416667,82.74027778,68.79358466,0.1037,"1.37%",NA
1994,"1994-12-31",947.9741935,1446.04,0,0,0,0,0.105,"1.25%",NA
1995,"1995-12-31",845.0770968,1406.35,0,18.32258065,10,5.730769231,0.1501,"3.30%",248813.7325
1995,"1995-04-30",930.4913333,1532.44,0.153966356,69.07880952,65.14117647,60.04171429,0.1155,"1.58%",248813.7325
1995,"1995-01-31",995.0058065,1504.7,0,2.741935484,0,0,0.107,"1.90%",248813.7325
1995,"1995-02-28",1078.883929,1568.62,0.025294118,42.1610119,34.55670996,30.00942029,0.1108,"3.55%",248813.7325
1995,"1995-03-31",1101.726774,1568.46,0.214801587,77.14598054,83.42635281,66.50940476,0.1137,"2.62%",248813.7325
1995,"1995-08-31",1048.338387,1453.25,0.01047619,27.62320789,14.03075397,12.09722222,0.1335,"9.88%",248813.7325
1995,"1995-05-31",1025.734194,1512.09,0.145772727,58.5733871,39.34821429,41.38958333,0.1177,"1.90%",248813.7325
1995,"1995-06-30",1053.924667,1477.55,0.23452381,61.19537037,61.98483796,49.17133409,0.1204,"2.29%",248813.7325
1995,"1995-07-31",924.0090323,1429.73,0.030038462,30.2469278,25.42879189,23.39685374,0.1215,"0.91%",248813.7325
1995,"1995-09-30",977.8316667,1436.74,0.000238095,28.7625,4.292857143,10.04545455,0.1355,"1.50%",248813.7325
1995,"1995-10-31",989.7019355,1435.34,0,12.5483871,6.107142857,2.740740741,0.1425,"5.17%",248813.7325
1995,"1995-11-30",1053.476667,1469.83,0,11.06666667,3.296296296,0,0.1453,"1.96%",248813.7325
1996,"1996-01-31",957.7390323,1370.44,0,15.90322581,0,5.592592593,0.1544,"2.86%",269805.889166667
1996,"1996-04-30",1019.395667,1522.33,0,8.366666667,0,2.678571429,0.1632,"1.49%",269805.889166667
1996,"1996-05-31",1081.562903,1561,0.193444444,39.04408602,37.49166667,34.90833333,0.1665,"2.02%",269805.889166667
1996,"1996-02-29",991.9527586,1414.81,0,20.34482759,0,0,0.158,"2.33%",269805.889166667
1996,"1996-03-31",906.7941935,1424.39,0,21.67741935,7.24,0,0.1608,"1.77%",269805.889166667
1996,"1996-08-31",1064.433226,1553.03,0.113022989,66.67204301,70.85555556,63.06612903,0.1715,"2.08%",269805.889166667
1996,"1996-09-30",1033.395333,1497.05,0.084948718,48.44555556,49.69814815,43.85833333,0.1723,"0.47%",269805.889166667
1996,"1996-06-30",1025.048333,1572.89,0.049066667,36.90833333,13.67105263,24.29861111,0.1687,"1.32%",269805.889166667
1996,"1996-07-31",1109.698065,1544.32,0.200623457,74.52741935,80.99166667,70.02888889,0.168,"-0.41%",269805.889166667
1996,"1996-12-31",951.2154839,1500.06,0.000987654,59.41397849,65.43817204,54.31388889,0.1754,"0.80%",269805.889166667
1996,"1996-10-31",1095.824194,1501.18,0.000217391,23.22580645,13.56410256,8.76,0.1734,"0.64%",269805.889166667
1996,"1996-11-30",1028.494,1514.89,0.028194444,64.87960317,69.21153846,58.54931973,0.174,"0.35%",269805.889166667
1997,"1997-02-28",980.53,1422.95,0,56.41190476,59.87266667,48.83333333,0.191,"4.09%",251423.593333333
1997,"1997-01-31",1013.759677,1481.16,0.032121212,70.7030722,76.36126374,64.60287356,0.1835,"4.62%",251423.593333333
1997,"1997-04-30",1152.073667,1635.71,0.39637931,81.83380952,89.45804598,73.80238095,0.2026,"2.84%",251423.593333333
1997,"1997-05-31",1062.393871,1607.94,0.240972222,80.8859447,89.18225806,73.42555556,0.2115,"4.39%",251423.593333333
1997,"1997-06-30",1181.834333,1817.49,0.369924877,78.79880952,85.44460317,73.04252874,0.213,"0.71%",251423.593333333
1997,"1997-03-31",982.9932258,1587.35,0.269479167,80.69784946,88.59814815,72.27,0.197,"3.14%",251423.593333333
1997,"1997-08-31",1119.179032,1828.98,0.087673913,69.71927803,73.95617284,63.70416667,0.2225,"1.83%",251423.593333333
1997,"1997-09-30",1297.813,1809.98,0.223807692,78.99130952,86.49404762,72.98128079,0.223,"0.22%",251423.593333333
1997,"1997-10-31",1291.994839,1808.58,0.130333333,77.99400922,83.61964286,70.23863636,0.224,"0.45%",251423.593333333
1997,"1997-07-31",1244.423548,1834.68,0.048566667,77.10487711,83.18714286,71.21843318,0.2185,"2.58%",251423.593333333
1997,"1997-12-31",1176.840323,1833.74,0.0565625,58.1344086,56.842,40.72,0.229,"1.33%",251423.593333333
1997,"1997-11-30",1129.838333,1725.24,0.114592593,68.31174603,65.93283208,55.96547619,0.226,"0.89%",251423.593333333
1998,"1998-03-31",1220.086129,1765.63,0.206666667,78.26075269,79.4287037,67.42857143,0.2323,"0.35%",275236.689166667
1998,"1998-04-30",1208.546667,1789.96,0.2390625,85.49444444,93.56481481,78.29133333,0.233,"0.30%",275236.689166667
1998,"1998-02-28",1172.025,1695.64,0.044848485,82.39404762,89.81833333,73.22222222,0.2315,"0.65%",275236.689166667
1998,"1998-01-31",1076.223871,1722.74,0,50.25860215,41.90151515,35.63768116,0.23,"0.44%",275236.689166667
1998,"1998-07-31",1270.360645,1749.12,0.06576087,78.39784946,84.40119048,72.84012346,0.2325,"-0.98%",275236.689166667
1998,"1998-08-31",1140.560645,1733.75,0.045141026,54.92150538,58.08448276,49.16206897,0.2325,"0.00%",275236.689166667
1998,"1998-05-31",1157.689355,1830.04,0.265625,82.92089094,90.53571429,75.8775641,0.2329,"-0.04%",275236.689166667
1998,"1998-06-30",1262.722,1768.38,0.244916667,72.30595238,77.06602564,66.97277778,0.2348,"0.82%",275236.689166667
1998,"1998-11-30",1116.434,1628.49,0.271,83.03611111,91.0224359,75.32471264,0.234,"-0.43%",275236.689166667
1998,"1998-12-31",1075.052258,1583.32,0,80.13870968,84.60964912,71.84848485,0.2355,"0.64%",275236.689166667
1998,"1998-09-30",1237.364667,1741.35,0.45824,78.55277778,85.32530864,72.89135802,0.234,"0.65%",275236.689166667
1998,"1998-10-31",1168.433548,1683.81,0.274888889,77.94516129,84.68965517,71.50806452,0.235,"0.43%",275236.689166667
1999,"1999-04-30",830.3116667,1264.9,0.011428571,49.93333333,41.60606061,35.65362319,0.2433,"-3.26%",247953.68
1999,"1999-05-31",685.5254839,1132.61,0,71.7827957,73.68939394,62.4,0.2551,"4.85%",247953.68
1999,"1999-01-31",938.8593548,1501.53,0,74.04569892,77.54545455,65.53472222,0.2365,"0.42%",247953.68
1999,"1999-02-28",1006.046786,1440.87,0,80.28928571,88.47727273,71.35,0.2418,"2.24%",247953.68
1999,"1999-03-31",974.3422581,1389.04,0,81.03225806,87.84848485,72.79761905,0.2515,"4.01%",247953.68
1999,"1999-08-31",749.6870968,1094.98,0,5.129032258,0,0,0.2706,"2.23%",247953.68
1999,"1999-09-30",778.3423333,1154.51,0,12.87222222,9.119047619,7.69047619,0.3005,"11.05%",247953.68
1999,"1999-06-30",852.011,1262.95,0,45.69444444,30.625,25.8,0.2602,"2.00%",247953.68
1999,"1999-07-31",790.1503226,1170.02,0,55.63172043,29.5,38.36842105,0.2647,"1.73%",247953.68
1999,"1999-12-31",651.9629032,957.52,0,18.6344086,18.14444444,10.35714286,0.3529,"2.20%",247953.68
1999,"1999-10-31",691.9745161,1126.35,0,2.64516129,0,0,0.3386,"12.68%",247953.68
1999,"1999-11-30",676.473,977.9,0.015517241,5.533333333,5.888888889,2.528735632,0.3453,"1.98%",247953.68
2000,"2000-06-30",690.4853333,988.47,0.214375,71.65555556,64.81666667,55.31944444,0.6075,"12.50%",278203.8925
2000,"2000-05-31",645.0003226,942.64,0,52.96774194,7.5,11.61538462,0.54,"14.29%",278203.8925
2000,"2000-01-31",621.6770968,946.81,0.025,69.28817204,56.20641026,47.47619048,0.3771,"6.86%",278203.8925
2000,"2000-02-29",622.1251724,887.61,0,5.931034483,0,0,0.4057,"7.58%",278203.8925
2000,"2000-03-31",692.1364516,1010.56,0.19125,67.79032258,52.89285714,51.21296296,0.483,"19.05%",278203.8925
2000,"2000-04-30",577.1973333,967.17,0,41.96666667,15.22222222,16,0.4725,"-2.17%",278203.8925
2000,"2000-08-31",651.3280645,916.67,0.040241667,52.11827957,38.88947368,37.96428571,0.6534,"-7.32%",278203.8925
2000,"2000-09-30",618.186,897.1,0.029,62.66666667,48.94285714,48.91666667,0.725,"10.96%",278203.8925
2000,"2000-10-31",623.1832258,909.23,0.001428571,10.30645161,3.035714286,2.607142857,0.714,"-1.52%",278203.8925
2000,"2000-07-31",634.5293548,974.73,0.134285714,75.14516129,77.57692308,68.8245614,0.705,"16.05%",278203.8925
2000,"2000-12-31",518.4458065,832.93,0.5425,76.5,76.52380952,68.15909091,0.6899,"1.08%",278203.8925
2000,"2000-11-30",587.305,836.33,0.0525,57.22420635,39.28125,43.66287879,0.6825,"-4.41%",278203.8925
2001,"2001-07-31",686.3377419,1000.55,0.004,67.77419355,45.77777778,24,0.7218,"0.95%",268529.503333333
2001,"2001-08-31",767.24,1075.22,0,76.80645161,81,72,0.709,"-1.77%",268529.503333333
2001,"2001-06-30",680.5073333,996.26,0,58.3,9.777777778,0,0.715,"0.01%",268529.503333333
2001,"2001-01-31",685.9609677,1115.27,0,73.92741935,70.46428571,63.27192982,0.7016,"1.70%",268529.503333333
2001,"2001-02-28",826.3839286,1227.64,0.02,67.92857143,69.79166667,58.56212121,0.705,"0.48%",268529.503333333
2001,"2001-03-31",797.9654839,1203.86,0.18,83.16935484,90.36111111,75.98076923,0.7135,"1.21%",268529.503333333
2001,"2001-04-30",721.077,1131.29,0,80.30555556,76,69.86363636,0.76,"6.52%",268529.503333333
2001,"2001-05-31",766.1864516,1136.75,0.174285714,69.29032258,0,34.66666667,0.7149,"-5.93%",268529.503333333
2001,"2001-11-30",909.9393333,1388.04,0,2.733333333,0,0,0.726,"0.14%",268529.503333333
2001,"2001-12-31",733.0780645,1382.52,0,0,0,0,0.7325,"0.90%",268529.503333333
2001,"2001-09-30",679.851,1129.87,0,23.03333333,0,0,0.7125,"0.49%",268529.503333333
2001,"2001-10-31",804.8354839,1174.86,0,0,0,0,0.725,"1.75%",268529.503333333
2002,"2002-08-31",1391.3,2108.3,0,37.58064516,9.166666667,14.35,0.8142,"-0.26%",274848.176666667
2002,"2002-09-30",1514.756,2290.31,0,36.4,4.882352941,0,0.826,"1.45%",274848.176666667
2002,"2002-01-31",982.3470968,1438.32,0,7.935483871,3.068965517,2.689655172,0.76,"3.75%",274848.176666667
2002,"2002-02-28",1065.553929,1534.5,0.033846154,65.8207483,64.70614035,56.48405797,0.7675,"0.99%",274848.176666667
2002,"2002-03-31",1027.115161,1639.31,0.032166667,40.68010753,35.28717949,27.18,0.796,"3.71%",274848.176666667
2002,"2002-04-30",1150.811,1629.17,0.181052632,39.175,18.04166667,14.63333333,0.8005,"0.57%",274848.176666667
2002,"2002-05-31",1191.020968,1682.49,0.126875,80.21612903,82.55833333,68.84090909,0.7923,"-1.02%",274848.176666667
2002,"2002-06-30",1105.77,1756.92,0.07625,63.63333333,21.5,37.08333333,0.809,"2.11%",274848.176666667
2002,"2002-07-31",1386.377097,1925.33,0,38.41935484,5.176470588,0,0.8163,"0.90%",274848.176666667
2002,"2002-12-31",1304.983226,2110.17,0.000888889,81.60913978,90.31515152,73.30175439,0.8375,"0.28%",274848.176666667
2002,"2002-10-31",1636.162258,2436.08,0,62.5483871,10.875,0,0.8375,"1.39%",274848.176666667
2002,"2002-11-30",1269.845667,1941.05,0.104179487,81.67777778,90.53571429,74.36315789,0.8352,"-0.27%",274848.176666667
2003,"2003-10-31",1099.499677,1590.16,0.331258333,80.87634409,89.06578947,74.32466667,0.88,"3.07%",308762.0625
2003,"2003-09-30",1196.495,1763.67,0.07504386,79.01571429,86.65162338,73.95486111,0.8538,"-0.14%",308762.0625
2003,"2003-01-31",1550.452258,2378.79,0.019666667,81.66006144,90.44444444,74.01314103,0.83,"-0.90%",308762.0625
2003,"2003-02-28",1599.475,2381.32,0.013690476,44.68937075,35.1968254,31.2452381,0.8375,"0.90%",308762.0625
2003,"2003-03-31",1351.26129,2064.26,0.038888889,84.35215054,94.05196078,75.73412698,0.8635,"3.10%",308762.0625
2003,"2003-04-30",1349.374,1987.4,0.13280303,79.91833333,84.81568627,70.48444444,0.8675,"0.46%",308762.0625
2003,"2003-05-31",1185.297419,1975.09,0.162518519,82.8172043,90.82807018,75.48039216,0.868,"0.06%",308762.0625
2003,"2003-06-30",1105.376333,1682.42,0.313412281,79.05944444,85.99444444,73.3968254,0.845,"-2.65%",308762.0625
2003,"2003-07-31",1157.651613,1690.72,0.076302083,78.2483871,85.13045113,72.44166667,0.855,"1.18%",308762.0625
2003,"2003-08-31",1064.529032,1787.86,0.066875,77.41482335,84.07417582,72.09857143,0.855,"0.00%",308762.0625
2003,"2003-11-30",1007.356,1594.33,0.131911028,81.62944444,90.66145833,74.20310559,0.865,"-1.70%",308762.0625
2003,"2003-12-31",1102.351613,1756.95,0.149642857,81.84208909,90.31386555,74.39015152,0.8675,"0.29%",308762.0625
2004,"2004-12-31",1223.113548,1742.38,0.043814103,81.92150538,90.27797619,74.82321429,0.9,"0.00%",339146.106666667
2004,"2004-02-29",1082.154828,1637.84,0.068888889,51.39778325,51.8192381,41.47133333,0.8813,"0.15%",339146.106666667
2004,"2004-10-31",1005.773871,1527.7,0.267506667,80.54193548,88.42666667,73.26458333,0.902,"0.22%",339146.106666667
2004,"2004-11-30",1218.966333,1823.74,0.116805556,73.96944444,78.59130435,66.50192308,0.9,"-0.22%",339146.106666667
2004,"2004-01-31",1100.32,1711.34,0.087692308,81.70698925,91.33222222,74.16904762,0.88,"1.44%",339146.106666667
2004,"2004-06-30",1032.508333,1464.6,0.044666667,54.81166667,54.93333333,47.94551282,0.9032,"0.36%",339146.106666667
2004,"2004-03-31",1116.187419,1588.18,0.07969697,83.87711214,93.58653846,75.76666667,0.885,"0.42%",339146.106666667
2004,"2004-04-30",1006.145667,1564.34,0.080601852,83.19222222,91.39927536,76.50144928,0.9008,"1.79%",339146.106666667
2004,"2004-05-31",912.0948387,1505.91,0.145740741,79.11290323,85.45454545,71.26851852,0.9,"-0.09%",339146.106666667
2004,"2004-07-31",1106.720968,1713.23,0.100347222,77.28602151,83.64333333,72.64655172,0.9012,"-0.22%",339146.106666667
2004,"2004-08-31",1227.184839,1800.02,0.078115942,77.20591398,83.14038462,72.55576923,0.901,"-0.02%",339146.106666667
2004,"2004-09-30",1129.545,1658.11,0.152458333,74.40436508,79.01349206,63.67759104,0.9,"-0.11%",339146.106666667
2005,"2005-01-31",1049.412903,1611.05,0,81.04032258,91.26190476,72.64492754,0.9018,"0.20%",336988.9725
2005,"2005-04-30",1110.165333,1636.83,0.083096154,72.01222222,78.20192308,65.86607143,0.9025,"-0.02%",336988.9725
2005,"2005-05-31",1023.847742,1551.37,0.210055419,76.15138249,83.38281746,69.60480296,0.9038,"0.14%",336988.9725
2005,"2005-02-28",1167.570357,1763.05,0.0305,85.4077381,93.41666667,78.54513889,0.9025,"0.08%",336988.9725
2005,"2005-03-31",1247.323226,1883.61,0.032717391,54.13978495,56.9625,43.39679487,0.9027,"0.02%",336988.9725
2005,"2005-08-31",1099.497097,1563.63,0.118755556,76.48917051,82.66190476,71.37936508,0.9062,"0.13%",336988.9725
2005,"2005-09-30",1103.048,1627.6,0.12084381,73.32642857,78.91834554,68.27471655,0.9075,"0.14%",336988.9725
2005,"2005-06-30",1128.653,1632.61,0.297051282,68.28611111,71.98333333,61.26666667,0.904,"0.02%",336988.9725
2005,"2005-07-31",1008.684194,1546.62,0.027520833,77.69623656,84.66279762,72.58703704,0.905,"0.11%",336988.9725
2005,"2005-12-31",1028.057742,1554.36,0.075526316,44.92446237,43.3914903,35.90555556,0.9095,"-0.05%",336988.9725
2005,"2005-10-31",983.9832258,1488.59,0.320620323,79.80097286,88.29047619,73.3751642,0.91,"0.28%",336988.9725
2005,"2005-11-30",1051.574667,1485.53,0.260611111,81.37075397,89.75219048,74.09311111,0.91,"0.00%",336988.9725
2006,"2006-02-28",1103.624643,1586.97,0.401428571,83.07043651,92.26491228,74.89666667,0.9163,"0.25%",358326.8675
2006,"2006-01-31",1068.820645,1652.95,0.07,82.12634409,90.67424242,76.07407407,0.914,"0.49%",358326.8675
2006,"2006-05-31",1131.548387,1641.12,0.444807692,62.56129032,63.47066667,53.13717949,0.916,"0.08%",358326.8675
2006,"2006-06-30",1178.207,1729.28,0.285277778,80.39972222,88.14210526,73.56111111,0.9225,"0.71%",358326.8675
2006,"2006-03-31",1145.647097,1576.71,0.441527778,77.68479263,85.25,68.96245421,0.914,"-0.25%",358326.8675
2006,"2006-04-30",983.17,1598.01,0.177291667,80.815,87.8469697,73.44444444,0.9153,"0.14%",358326.8675
2006,"2006-09-30",1097.195,1608.82,0.050246914,23.35,23.67988506,18.07142857,0.9243,"0.14%",358326.8675
2006,"2006-10-31",1085.541935,1563.89,0.110178571,35.35967742,36.3454023,30.21436782,0.9214,"-0.31%",358326.8675
2006,"2006-07-31",1135.79871,1807.03,0.146642857,78.49301075,85.18823529,73.68939394,0.92,"-0.27%",358326.8675
2006,"2006-08-31",1195.100323,1666.59,0.020648148,19.73387097,9.336538462,8.403846154,0.923,"0.33%",358326.8675
2006,"2006-11-30",1159.532,1637.19,0.070416667,68.10277778,73.17820513,59.21666667,0.9223,"0.10%",358326.8675
2006,"2006-12-31",1098.389032,1764.84,0.022857143,69.24193548,66.86403509,59.09375,0.921,"-0.14%",358326.8675
2007,"2007-02-28",1295.626786,1869.46,0.25,84.42261905,91.30555556,77.67857143,0.9263,"-0.34%",324909.155833333
2007,"2007-03-31",1365.562903,2043.34,0.03,84.56451613,92.33333333,76.79347826,0.927,"0.08%",324909.155833333
2007,"2007-01-31",1207.863548,1756.26,0,81.4483871,91.5,73.06862745,0.9295,"0.92%",324909.155833333
2007,"2007-05-31",1422.788065,2069.77,0.361428571,80.26344086,84.80392157,73.09333333,0.9267,"-0.10%",324909.155833333
2007,"2007-06-30",1411.684667,2143.11,0.291538462,79.74444444,84.43939394,74.84615385,0.9307,"0.43%",324909.155833333
2007,"2007-07-31",1527.684194,2214.59,0.134444444,70.6344086,68.76470588,57.39285714,0.9405,"1.05%",324909.155833333
2007,"2007-04-30",1318.133,2076.65,0.471666667,83.8,90.91111111,77.39215686,0.9276,"0.06%",324909.155833333
2007,"2007-09-30",1292.054333,2022.85,0.08175,47.01666667,21.75,29.35,0.9625,"1.48%",324909.155833333
2007,"2007-10-31",1420.572258,2024.38,0,2.483870968,0,0,0.9855,"2.39%",324909.155833333
2007,"2007-11-30",1442.347667,2008.73,0,8.2,0,2.714285714,0.9645,"-2.13%",324909.155833333
2007,"2007-08-31",1411.230323,2003.11,0.0084375,60.59677419,47.125,47.7,0.9485,"0.85%",324909.155833333
2007,"2007-12-31",1363.31,2161.02,0,24.25806452,3.913043478,3.130434783,0.9688,"0.45%",324909.155833333
2008,"2008-03-31",1722.842258,2944.63,0,64.79032258,33.09090909,16.88888889,1.004,"1.64%",355498.661666667
2008,"2008-04-30",1927.442,2809.93,0.325,77.61666667,60.33333333,23.33333333,1.0162,"1.22%",355498.661666667
2008,"2008-05-31",1822.000968,2797.29,0,2.64516129,0,0,1.105,"8.74%",355498.661666667
2008,"2008-01-31",1572.539677,2376.78,0,36.30645161,13.6,13.80952381,0.9688,"0.00%",355498.661666667
2008,"2008-02-29",1827.053103,2816.22,0.022222222,60.74137931,18.2,33.5,0.9878,"1.96%",355498.661666667
2008,"2008-08-31",1903.867419,3056.21,0.196461538,78.38310292,84.07192982,72.86190476,1.1595,"0.24%",355498.661666667
2008,"2008-09-30",1964.573,2824.08,0.318333333,79.31944444,84.51666667,72.78703704,1.1715,"1.03%",355498.661666667
2008,"2008-06-30",2115.232,3206.38,0.0278,31.84888889,21.15555556,15.75362319,1.155,"4.52%",355498.661666667
2008,"2008-07-31",2191.441613,3295.94,0.427222222,78.89011777,84.36833333,73.31488095,1.1567,"0.15%",355498.661666667
2008,"2008-12-31",1743.738065,2677.58,0.301428571,81.94953917,89.62564103,73.90336617,1.3402,"5.30%",355498.661666667
2008,"2008-10-31",1671.043871,2575.36,0.061736111,41.65053763,25.05555556,27.92222222,1.2143,"3.65%",355498.661666667
2008,"2008-11-30",1378.482,2299.69,0.054375,54.91415344,48.71515152,45.05742857,1.2728,"4.82%",355498.661666667
2009,"2009-06-30",1980.267,2892.67,0.396835317,80.19202381,86.75029762,72.77559524,1.4965,"0.07%",350954.571666667
2009,"2009-05-31",1600.475161,2667.82,0.462688095,82.49665899,90.13095238,74.10461138,1.4955,"1.39%",350954.571666667
2009,"2009-01-31",1778.906774,2833.07,0.18,82.70125448,90.45793651,72.80606061,1.3925,"3.90%",350954.571666667
2009,"2009-02-28",1891.132857,2874.07,0.129285714,83.63762755,92.70541667,75.45102814,1.412,"1.40%",350954.571666667
2009,"2009-03-31",1781.270645,2705.4,0.165883333,67.8078469,67.96690821,55.93416149,1.4538,"2.96%",350954.571666667
2009,"2009-04-30",1788.616333,2824.45,0.188313725,71.75234127,66.41484127,58.45542328,1.475,"1.46%",350954.571666667
2009,"2009-09-30",2304.766667,3268.85,0.373657738,78.62130952,85.64775641,72.84499008,1.4307,"-1.08%",350954.571666667
2009,"2009-10-31",2393.38871,3519.46,0.198041446,79.49870712,87.53855311,73.57615079,1.4287,"-0.14%",350954.571666667
2009,"2009-07-31",2071.003548,2983.97,0.310419501,78.15736047,83.46960317,73.24384921,1.4615,"-2.34%",350954.571666667
2009,"2009-08-31",2002.902258,3071.9,0.03881746,77.31263441,83.01826765,72.54989053,1.4463,"-1.04%",350954.571666667
2009,"2009-11-30",2368.891,3479.36,0.229448889,81.29185185,89.72045177,73.74559083,1.4318,"0.22%",350954.571666667
2009,"2009-12-31",2482.157097,3636.87,0.135576923,80.47955709,85.83934524,70.18029101,1.4312,"-0.04%",350954.571666667
2010,"2010-06-30",2369.276667,3313.79,0.342704365,80.52150794,87.18520924,73.94931457,1.4383,"-0.29%",360730.794166667
2010,"2010-07-31",2291.936129,3362.56,0.14252,70.87319508,73.62784993,63.52174272,1.4347,"-0.25%",360730.794166667
2010,"2010-01-31",2274.272903,3625.82,0.157708333,82.73453661,91.68869782,74.51666667,1.4272,"-0.28%",360730.794166667
2010,"2010-02-28",2340.390357,3369.5,0.535909091,84.60042517,94.46388889,76.31809057,1.4207,"-0.46%",360730.794166667
2010,"2010-03-31",2292.318065,3203.47,0.238230159,82.06785714,88.94321789,72.14215797,1.413,"-0.54%",360730.794166667
2010,"2010-04-30",2254.866333,3427.83,0.383062112,79.32493386,84.93402778,68.70963719,1.43,"1.20%",360730.794166667
2010,"2010-05-31",2050.635806,3420.21,0.210898033,80.70482591,85.95304233,71.11789891,1.4425,"0.87%",360730.794166667
2010,"2010-09-30",2108.281667,2977.96,0.144969813,78.6321164,85.61419414,72.86247412,1.432,"0.49%",360730.794166667
2010,"2010-10-31",1983.115806,3034.33,0.210162415,80.53990015,88.31265079,72.98829365,1.4465,"1.01%",360730.794166667
2010,"2010-11-30",2134.227667,3034.65,0.213709373,81.17914021,89.0249504,73.54431746,1.4825,"2.49%",360730.794166667
2010,"2010-08-31",2179.925806,3323.92,0.291587992,78.25967742,84.72086168,72.25481151,1.425,"-0.68%",360730.794166667
2010,"2010-12-31",2270.338065,3168.78,0.203701754,82.08312852,90.47270924,73.88902573,1.5625,"5.40%",360730.794166667
2011,"2011-07-31",2145.511613,3265.77,0.16,75.10743728,78.23250916,68.2141604,1.5254,"1.03%",379468.128333333
2011,"2011-08-31",2273.519032,3201.34,0.126169643,74.18845366,78.79768519,67.91394558,1.601,"4.96%",379468.128333333
2011,"2011-09-30",2107.515,3143.47,0.105744048,78.52527778,85.12107843,72.48730159,1.5935,"-0.47%",379468.128333333
2011,"2011-01-31",2041.847097,3411.17,0,79.00083205,84.96078869,65.74032738,1.502,"-3.87%",379468.128333333
2011,"2011-02-28",2480.192857,3698.76,0.516979167,77.91921769,71.68095238,63.37407407,1.509,"0.47%",379468.128333333
2011,"2011-03-31",2517.362581,3730.25,0.294,84.37526882,91.17942177,73.07278912,1.5065,"-0.17%",379468.128333333
2011,"2011-04-30",2089.578,3338.15,0.330238095,83.95363757,93.57312925,74.64583333,1.504,"-0.17%",379468.128333333
2011,"2011-05-31",2080.195161,3305.79,0.12772619,82.46021505,89.3446712,74.08619048,1.512,"0.53%",379468.128333333
2011,"2011-06-30",2211.468333,3193.97,0.189039855,77.11328042,82.47301587,69.42051821,1.5098,"-0.15%",379468.128333333
2011,"2011-12-31",1488.185484,2305.9,1.532857143,76.34974398,82.14952759,63.87619048,1.6771,"2.45%",379468.128333333
2011,"2011-10-31",1815.513226,2782.04,0.157617284,74.94071941,78.84115646,65.4085213,1.663,"4.36%",379468.128333333
2011,"2011-11-30",1853.446,2738.75,0.2075,81.41034392,90.90282738,73.78920635,1.637,"-1.56%",379468.128333333
2012,"2012-10-31",1827.784516,2562.94,0.228985582,53.56893241,47.65710678,47.80871648,1.9011,"0.70%",384479.543333333
2012,"2012-09-30",1746.856,2719.35,0.125880952,78.01285714,85.42690972,72.48303571,1.8878,"-0.35%",384479.543333333
2012,"2012-01-31",1563.226452,2488.66,0.074,81.30962622,91.37193362,71.86345238,1.7,"1.37%",384479.543333333
2012,"2012-02-29",1706.242759,2470.08,0.112666667,73.52367269,79.55778123,63.24195011,1.775,"4.41%",384479.543333333
2012,"2012-03-31",1674.306774,2438.22,0.106813725,75.52136457,79.043613,67.04120879,1.853,"4.39%",384479.543333333
2012,"2012-04-30",1511.188333,2389.75,0.193446115,82.65583333,90.23731812,74.85504762,1.8803,"1.47%",384479.543333333
2012,"2012-05-31",1716.79,2424.44,0.431365476,78.21199437,85.1072619,69.99482143,1.94,"3.18%",384479.543333333
2012,"2012-06-30",1584.946667,2368.34,0.282651515,65.75794974,62.08120301,54.2539881,1.9518,"0.61%",384479.543333333
2012,"2012-07-31",1667.613226,2457.33,0.086590909,54.92876344,51.64077381,46.73975885,1.9306,"-1.09%",384479.543333333
2012,"2012-08-31",1863.935484,2652.05,0.025117063,59.32085253,60.83702686,50.20762235,1.8944,"-1.88%",384479.543333333
2012,"2012-11-30",1817.320667,2541.46,0.122770833,59.90912698,50.05396825,37.2530754,1.903,"0.10%",384479.543333333
2012,"2012-12-31",1555.059677,2550.71,0,81.75224014,89.70690476,73.71296296,1.901,"-0.11%",384479.543333333
2013,"2013-10-31",2026.000968,2801.96,0.197277778,77.27208141,78.21746032,62.67431973,2.26,"1.80%",373866.279166667
2013,"2013-11-30",1928.621333,2834.77,0.218,81.39412698,89.8,73.95,2.35,"3.98%",373866.279166667
2013,"2013-01-31",1614.825806,2339.79,0.09,82.50741167,92.5485348,72.01875,1.915,"0.74%",373866.279166667
2013,"2013-02-28",1569.788571,2273.3,0.60447619,83.83837868,94.59309524,74.75162037,1.935,"1.04%",373866.279166667
2013,"2013-03-31",1389.263871,2211.74,0.254393939,84.00883257,92.9485119,74.84375,1.972,"1.91%",373866.279166667
2013,"2013-04-30",1682.625,2386.89,0.233357143,83.20328042,92.60246032,74.37380952,1.995,"1.17%",373866.279166667
2013,"2013-05-31",1664.710968,2433.57,2.214490741,81.79242192,88.77275132,73.3829932,2.025,"1.50%",373866.279166667
2013,"2013-06-30",1522.389,2402.77,0.097384615,79.56843915,86.48571429,73.89384921,2.065,"1.98%",373866.279166667
2013,"2013-07-31",1712.779677,2401.36,0.054458333,77.39203789,84.21604938,72.57208995,2.1475,"4.00%",373866.279166667
2013,"2013-08-31",1762.56,2546.61,0.02,76.65805172,83.23809524,71.40740741,2.165,"0.81%",373866.279166667
2013,"2013-09-30",1831.236,2682.35,0.123722222,78.19940476,84.70844156,72.57291667,2.22,"2.54%",373866.279166667
2013,"2013-12-31",1913.396452,2881.73,0.085,80.48102919,89.91220238,68.76785714,2.37,"0.85%",373866.279166667
2014,"2014-12-31",2098.984516,3010.11,0.258125,81.61418331,89.91841737,73.85468632,3.33,"4.55%",395176.18
2014,"2014-02-28",2138.831429,3031.04,0.25,82.16621315,91.88888889,73.11157407,2.69,"4.67%",395176.18
2014,"2014-03-31",2060.483871,3090.42,0.112,82.47420635,93.16666667,74.43928571,2.82,"4.83%",395176.18
2014,"2014-11-30",1939.394,2982.52,0.141858974,80.73228836,89.30164835,73.22410714,3.185,"-0.16%",395176.18
2014,"2014-01-31",2000.885161,2977.06,0.191333333,76.56707629,0,49,2.57,"8.44%",395176.18
2014,"2014-06-30",2222.029333,3214.66,0.361779582,77.07089947,81.82552083,69.95868607,3.45,"4.23%",395176.18
2014,"2014-07-31",2371.255806,3263.15,0.118973545,77.79668459,83.65883459,72.90090703,3.75,"8.70%",395176.18
2014,"2014-04-30",2135.429333,3090.48,0.117694444,74.26691799,66.27965368,42.88690476,3.0343,"7.60%",395176.18
2014,"2014-05-31",2052.577097,3149.45,0.243715729,81.97292627,88.81732804,74.4898715,3.31,"9.09%",395176.18
2014,"2014-10-31",2300.613548,3196.56,0.170621173,79.44832309,87.3686853,73.41932687,3.19,"-0.93%",395176.18
2014,"2014-08-31",2215.343548,3299.53,0.124547222,76.81656426,83.11130952,71.8303373,3.27,"-12.80%",395176.18
2014,"2014-09-30",2361.913667,3393.51,0.200882206,77.84547619,84.84454887,73.09383876,3.22,"-1.53%",395176.18
2015,"2015-02-28",2104.875,3050.52,0.207984127,82.9401644,96.33333333,75.44045635,3.81,"9.17%",401436.341666667
2015,"2015-01-31",1978.778065,3026.85,0.103928571,62.87254224,41.81837607,48.05857899,3.49,"4.80%",401436.341666667
2015,"2015-05-31",1997.418065,3206.26,0.233108696,82.32676651,90.52149471,74.60085714,4.3392,"6.88%",401436.341666667
2015,"2015-06-30",2375.282333,3362.95,0.292017361,79.14062169,85.60357143,73.54503106,3.82,"-11.97%",401436.341666667
2015,"2015-03-31",2045.455161,3061.7,0.222447917,80.59558372,86.79357639,70.91770282,3.83,"0.52%",401436.341666667
2015,"2015-04-30",2007.792333,2990.04,0.322605655,83.32220899,92.28555089,74.97441643,4.06,"6.01%",401436.341666667
2015,"2015-09-30",2404.200333,3356.35,0.077641026,78.87982804,86.07162698,73.49321429,3.775,"1.21%",401436.341666667
2015,"2015-10-31",2269.762581,3322.99,0,80.4516129,89,0,3.7738,"-0.03%",401436.341666667
2015,"2015-07-31",2467.648065,3408.55,0.296354167,78.29150026,84.70357143,73.07919799,3.9,"2.09%",401436.341666667
2015,"2015-08-31",2135.936774,3236.69,0.077614035,77.72083973,84.5390377,72.53212698,3.73,"-4.36%",401436.341666667
2015,"2015-11-30",2352.588333,3430.19,0.025833333,73.73809524,45.81111111,37.75555556,3.8,"0.69%",401436.341666667
2015,"2015-12-31",2374.332903,3449.18,1.97,81.45300819,91.76964286,71.88321018,3.9361,"3.58%",401436.341666667
2016,"2016-02-29",2111.851034,3006.12,0.024090909,68.07590312,72.03115079,59.025,3.8062,"-3.12%",398134.903333333
2016,"2016-03-31",2181.206452,3181.54,0.344497354,84.47872504,93.86414566,75.90722222,3.8085,"0.06%",398134.903333333
2016,"2016-01-31",1904.787097,3182.26,0.018125,75.23341014,82.4202381,65.31988536,3.9289,"-0.18%",398134.903333333
2016,"2016-06-30",2289.845667,3218.07,0.230333333,79.62862434,86.57424603,73.25839212,3.8965,"-1.10%",398134.903333333
2016,"2016-07-31",2066.112258,3185.6,0.190747126,78.43205325,84.53497354,73.09835601,3.9659,"1.78%",398134.903333333
2016,"2016-04-30",2154.946667,3281.13,0.153240741,84.47181217,92.4179198,76.42705628,3.8086,"0.00%",398134.903333333
2016,"2016-05-31",2099.09129,3280.01,0.291059083,82.16236559,90.29770408,75.39961598,3.94,"3.45%",398134.903333333
2016,"2016-10-31",1836.720645,2834.99,0.240607143,77.98927291,85.60271164,71.08333333,4.2805,"7.82%",398134.903333333
2016,"2016-11-30",1833.684667,2678.19,0.11120911,77.13165344,84.42968559,67.94664502,4.2771,"-0.08%",398134.903333333
2016,"2016-08-31",2250.426129,3134.91,0.085625,77.48315412,83.70873016,72.43025452,3.9344,"-0.79%",398134.903333333
2016,"2016-09-30",2112.870667,2959.62,0.282565212,78.78265873,85.59268707,73.22103175,3.97,"0.90%",398134.903333333
2016,"2016-12-31",1549.80129,2434.89,0.047760417,55.42489759,51.21005866,45.19197192,4.3457,"1.60%",398134.903333333
2017,"2017-03-31",1526.755161,2195.7,0.312503623,83.65079365,93.88457143,75.70628307,4.2188,"-2.71%",436272.4525
2017,"2017-04-30",1242.066333,2123.12,0.181563492,83.26592593,92.37049756,75.30232143,4.3269,"2.56%",436272.4525
2017,"2017-01-31",1487.514194,2261.74,0.286666667,82.64715822,92.50565079,73.00383023,4.69,"7.92%",436272.4525
2017,"2017-02-28",1452.915357,2141.69,0.211180556,84.20311791,94.08665675,75.1458486,4.3361,"-7.55%",436272.4525
2017,"2017-06-30",1465.381667,2108.19,0.373696429,79.98183862,87.04623016,74.06331418,4.37,"-0.16%",436272.4525
2017,"2017-07-31",1347.102258,2110.81,0.199191392,75.85271377,81.48588624,70.44068195,4.3968,"0.61%",436272.4525
2017,"2017-08-31",1475.380968,2106.51,0.067083333,74.69459805,79.53220391,69.43104396,4.368,"-0.66%",436272.4525
2017,"2017-05-31",1407.634516,2108.35,0.294294218,82.22712494,90.54934921,74.72633333,4.3768,"1.15%",436272.4525
2017,"2017-10-31",1488.232258,2140.83,0.276112903,80.9562724,89.12395125,73.75173782,4.53,"3.19%",436272.4525
2017,"2017-11-30",1560.460667,2212.71,0.08,62.43333333,62.56409593,53.4165873,4.522,"-0.18%",436272.4525
2017,"2017-12-31",1237.215161,2046,0.210952381,81.51897081,90.04302135,73.45500283,4.495,"-0.60%",436272.4525
2017,"2017-09-30",1398.808333,2050.42,0.146620879,78.57571429,85.36008598,73.03633333,4.39,"0.50%",436272.4525
2018,"2018-04-30",1837.315,2753.51,0.270401515,83.3537963,91.49520757,75.42896825,4.7173,"4.95%",458822.238333333
2018,"2018-05-31",1887.697097,2799.5,0.453018889,81.0656042,89.0794127,74.37614638,4.7649,"1.01%",458822.238333333
2018,"2018-06-30",1687.531667,2512.88,0.243208333,79.33271164,87.07879819,73.51203704,4.715,"-1.05%",458822.238333333
2018,"2018-01-31",1385.267742,2013.7,0.748333333,82.10560676,91.72489418,72.02677154,4.455,"-0.89%",458822.238333333
2018,"2018-02-28",1516.285,2235.88,0.194033333,84.64988662,94.39803175,76.37804762,4.4125,"-0.95%",458822.238333333
2018,"2018-03-31",1696.224839,2641.33,0.177277778,83.13315412,92.4204823,75.40909646,4.495,"1.87%",458822.238333333
2018,"2018-09-30",1463.392,2271.35,0.233698095,78.74550265,85.82440476,73.43634921,4.8284,"1.12%",458822.238333333
2018,"2018-10-31",1583.439032,2235.95,0.232595649,80.31843318,88.18407029,73.76424162,4.9036,"1.56%",458822.238333333
2018,"2018-07-31",1672.743226,2473.27,0.236355442,78.20741167,84.58127289,73.56025867,4.735,"0.42%",458822.238333333
2018,"2018-08-31",1611.194516,2308.5,0.244131944,78.10116487,85.04268078,72.6359447,4.775,"0.84%",458822.238333333
2018,"2018-11-30",1602.36,2337.36,0.213712121,82.19210317,90.77636054,74.55916149,4.82,"-1.70%",458822.238333333
2018,"2018-12-31",1424.778065,2365.33,0.11875,80.53339734,87.8405754,70.72258598,4.9291,"2.26%",458822.238333333
2019,"2019-06-30",1605.153333,2471.06,0.278329365,79.86558201,86.83206937,74.55084127,5.38,"-0.92%",460006.253333333
2019,"2019-07-31",1792.91,2511.62,0.164122449,78.67777778,84.92675519,73.90724206,5.45,"1.30%",460006.253333333
2019,"2019-01-31",1606.238387,2354.57,0.141619048,84.13143881,93.18561508,75.07104978,5.4945,"11.47%",460006.253333333
2019,"2019-02-28",1611.287857,2329.36,0.450153061,84.49034864,93.64685592,75.63765079,5.4831,"-0.21%",460006.253333333
2019,"2019-03-31",1490.651613,2249.69,0.18334,81.46830517,90.60642269,72.71161082,5.1408,"-6.24%",460006.253333333
2019,"2019-04-30",1631.792,2384.36,0.314613095,83.83092593,92.78979365,75.95252268,5.3946,"4.94%",460006.253333333
2019,"2019-05-31",1642.957419,2374.88,0.3465585,81.89539171,90.77553968,75.26428571,5.43,"0.66%",460006.253333333
2019,"2019-10-31",1806.814516,2478.1,0.306422824,79.36702509,87.39918651,73.54763558,5.53,"1.56%",460006.253333333
2019,"2019-11-30",1763.764333,2625.43,0.177506944,82.25861111,91.05755952,74.51552381,5.66,"2.35%",460006.253333333
2019,"2019-08-31",1557.527097,2316.39,0.062703175,78.08360215,84.66988232,72.83936782,5.42,"-0.55%",460006.253333333
2019,"2019-09-30",1613.082667,2430.22,0.214002189,78.82287037,86.23325397,73.7234623,5.445,"0.46%",460006.253333333
2019,"2019-12-31",1656.09129,2528.04,0.177291667,77.45334101,85.17701587,69.25720899,5.4862,"-3.07%",460006.253333333
2020,"2020-07-31",1559.357419,2271.08,0.115576389,78.30197133,84.16767793,72.94993386,5.78,"0.35%",467215.340833333
2020,"2020-08-31",1591.038387,2497.06,0.0459375,78.25582437,85.5321712,71.32568418,5.79,"0.17%",467215.340833333
2020,"2020-01-31",1847.342258,2739.57,0.136666667,82.88530466,93.6732568,72.55385878,5.4658,"-0.37%",467215.340833333
2020,"2020-02-29",1873.248621,2778.37,0,82.92939245,92.25854701,72.89309869,5.765,"5.47%",467215.340833333
2020,"2020-03-31",1659.560645,2573.8,0.308336667,84.53490783,93.51015873,76.6110348,5.775,"0.17%",467215.340833333
2020,"2020-04-30",1589.169,2344.45,0.302576923,83.45030423,91.98519536,75.76381258,5.785,"0.17%",467215.340833333
2020,"2020-05-31",1494.185806,2367.64,0.229315476,83.25520993,91.53779762,75.66927656,5.785,"0.00%",467215.340833333
2020,"2020-06-30",1634.128333,2380.39,0.311979885,80.33771164,87.13115079,74.22091837,5.76,"-0.43%",467215.340833333
2020,"2020-10-31",1626.620323,2371.24,0.285886905,80.25394265,87.84430708,73.2120416,5.87,"0.73%",467215.340833333
2020,"2020-11-30",1650.729667,2568.24,0.278940476,82.01175926,90.7045156,74.185,5.84,"-0.51%",467215.340833333
2020,"2020-12-31",1708.336452,2519.16,0.103026316,82.48796723,90.85035577,74.81726875,5.815,"-0.43%",467215.340833333
2020,"2020-09-30",1802.457,2533.82,0.155949405,78.93347884,86.56272894,72.96637272,5.8275,"0.65%",467215.340833333
2021,"2021-08-31",1763.06,2576.14,0.201075758,78.87617768,85.17062075,73.55555556,6.05,"0.17%",479991.216666667
2021,"2021-09-30",1875.935,2616.25,0.291841544,78.86732804,86.13511905,73.61547619,6.11,"0.99%",479991.216666667
2021,"2021-10-31",1739.320968,2665.53,0.318107143,80.71321045,88.72527778,74.19039939,6.135,"0.41%",479991.216666667
2021,"2021-01-31",1542.842903,2459.86,0.208125,82.79102663,91.67779058,74.23396825,5.73,"-1.46%",479991.216666667
2021,"2021-02-28",1718.1725,2520.12,0.689722222,75.1853458,81.13514493,66.78913043,5.75,"0.35%",479991.216666667
2021,"2021-03-31",1826.99129,2571.29,0.309555556,82.87570405,91.73733098,74.9579806,5.76,"0.17%",479991.216666667
2021,"2021-04-30",1657.833,2425.04,0.209970238,83.88128307,92.16637272,76.67538029,5.78,"0.35%",479991.216666667
2021,"2021-05-31",1556.685806,2504.44,0.188159722,83.11497696,91.40128626,76.07317177,5.85,"1.21%",479991.216666667
2021,"2021-06-30",1735.238,2398.39,0.1175,80.97936508,88.65232216,74.83874008,5.98,"2.22%",479991.216666667
2021,"2021-07-31",1651.490323,2403.22,0.207906315,79.03394777,85.71357143,73.61113848,6.04,"1.00%",479991.216666667
2021,"2021-11-30",1755.105667,2465.78,0.240313333,79.26625661,87.3187329,71.66539409,6.15,"0.24%",479991.216666667
2021,"2021-12-31",1692.562258,2450.1,1.085625,80.76701229,87.95661376,72.09244228,6.275,"2.03%",479991.216666667
2022,"2022-10-31",1520.81,2274.35,0.392115385,79.953085,88.31722516,73.1856685,14.4,"2.86%",466879.914166667
2022,"2022-11-30",1747.034333,2467.62,0.269236111,81.75898148,90.40624633,73.90346196,9.98,"-30.69%",466879.914166667
2022,"2022-01-31",1671.434194,2567.27,0,83.73973374,93.14673721,72.64404762,6.725,"7.17%",466879.914166667
2022,"2022-02-28",1822.103571,2663.84,0.107833333,81.59221939,89.93152174,72.37349624,7.525,"11.90%",466879.914166667
2022,"2022-03-31",1826.185161,2528.14,0.188660494,84.12443676,92.97889739,75.60752688,7.525,"0.00%",466879.914166667
2022,"2022-04-30",1636.899333,2521.3,0.343308642,82.8539418,90.8665572,74.73073192,7.8,"3.65%",466879.914166667
2022,"2022-05-31",1679.534516,2459.97,0.363068452,81.9874936,90.02899471,74.81221949,8.025,"2.88%",466879.914166667
2022,"2022-06-30",1702.639333,2395.17,0.468455782,79.72920635,87.32007021,73.2122575,8.45,"5.30%",466879.914166667
2022,"2022-07-31",1517.136774,2294.35,0.149797101,78.47401434,85.34081423,72.66930272,10.1,"19.53%",466879.914166667
2022,"2022-08-31",1684.613226,2315.45,0.155007937,76.80299539,82.86282596,71.55541475,10.375,"2.72%",466879.914166667
2022,"2022-09-30",1632.44,2276.02,0.534196061,75.11251323,81.22346743,69.99798535,14,"34.94%",466879.914166667
2022,"2022-12-31",1663.604839,2527.04,0.153,82.03063236,91.72256026,73.6017619,12.5,"25.25%",466879.914166667
2023,"2023-11-30",3003.849333,4295.35,0.312782143,82.44203704,91.3382672,74.66473727,11.9,"-0.42%",466675.035
2023,"2023-12-31",2332.180968,4311.54,0.137685185,82.81084229,92.94813492,72.87821565,12.3,"3.36%",466675.035
2023,"2023-01-31",1721.316774,2584.13,0.20625,83.08498464,93.39700855,73.08186361,12.85,"2.80%",466675.035
2023,"2023-02-28",1848.115,2671.67,0.2605,83.98021542,93.51836219,75.50382395,11.55,"-10.12%",466675.035
2023,"2023-03-31",1980.32,2784.13,0.179086667,83.0906426,91.94510582,74.55228938,11.8,"2.16%",466675.035
2023,"2023-04-30",1788.174667,2873.82,0.270385057,83.26316138,92.14594964,74.4314418,11.25,"-4.66%",466675.035
2023,"2023-05-31",2061.129355,2995.24,0.266822344,82.56378648,90.93829365,74.63437831,11.325,"0.67%",466675.035
2023,"2023-06-30",2291.093667,3298.19,0.482380527,79.5559127,86.48290816,73.06694034,11.32,"-0.04%",466675.035
2023,"2023-07-31",2268.266452,3497.65,0.279711982,79.18817204,86.07133279,73.61092593,11.35,"0.27%",466675.035
2023,"2023-08-31",2555.285161,3656.78,0.103205453,78.19614695,84.19451058,73.47779058,11.55,"1.76%",466675.035
2023,"2023-09-30",2537.735,3761.07,0.192274083,79.18857143,86.35012315,73.57781883,11.88,"2.86%",466675.035
2023,"2023-10-31",2619.853871,3953.68,0.31740119,80.77860983,89.1109703,73.99791005,11.95,"0.59%",466675.035
2024,"2024-01-31",3353.316452,7843.125,0.904666667,84.09463646,94.2687963,74.69366359,12.6,"2.44%",NA
2024,"2024-02-29",4084.201724,6401.61,0.152861111,85.90076628,96.34954844,76.8037415,13.2,"4.76%",NA
2024,"2024-03-31",4797.049032,9471,0.454759259,73.80197133,81.01897676,66.58306452,13.62,"3.18%",NA
2024,"2024-04-30",7242.825,10966.97,0.231535714,84.93398148,93.5191434,76.04022634,14.8,"8.66%",NA
2024,"2024-05-31",5509.488065,8640.23,0.53344697,80.91155914,88.57671045,73.41005747,15.25,"3.04%",NA
2024,"2024-06-30",5586.749,10121.94,0.488051984,78.25441799,85.28989512,72.28794974,15.5,"1.64%",NA
2024,"2024-07-31",5315.684839,7687.68,0.111856614,78.85659242,84.58440476,73.56975917,15.58,"0.52%",NA
2024,"2024-08-31",4820.096774,7542.79,0.064005952,74.98091398,80.49522487,69.72665572,15.75,"1.09%",NA
2024,"2024-09-30",4495.275667,6826.34,0.096926808,79.02993386,86.86166383,72.70415344,16.25,"3.17%",NA
2024,"2024-10-31",4884.055484,7108.1,0.329627112,79.96463134,88.08463902,73.69023297,15.2,"-6.46%",NA
2024,"2024-11-30",5551.087667,9099.8,0.273641975,70.95654762,77.49954212,62.97347149,14.65,"-3.62%",NA
